{
    "scene_type": "distance_barrier_rb_problem",
    "timestep_size": 0.01,
    "distance_barrier_constraint": {
        "custom_initial_epsilon": 0.01,
        "detection_method": "hash_grid",
        "use_distance_hashgrid": true,
        "active_constraint_scale": 1.01,
        "custom_hashgrid_cellsize": -1
    },
    "barrier_solver": {
        "min_barrier_epsilon": 0.0001
    },
    "rigid_body_problem": {
        "gravity": [0, 0, 0],
        "coefficient_restitution": -1,
        "rigid_bodies": [{
            "vertices": [
                [0, -10],
                [0, 10]
            ],
            "edges": [
                [0, 1]
            ],
            "oriented": false,
            "theta": 0,
            "velocity": [0.0, 0.0, 0.0],
            "is_dof_fixed": [true, true, true],
            "position": [-4.1, 0.0]
        }, {
            "vertices": [
                [0, -10],
                [0, 10]
            ],
            "edges": [
                [0, 1]
            ],
            "oriented": false,
            "theta": 0,
            "velocity": [0.0, 0.0, 0.0],
            "is_dof_fixed": [true, true, true],
            "position": [5.5, 0.0]
        }, {
            "vertices": [
                [0.5, 0.0],
                [0.3535533905932738, 0.35355339059327373],
                [3.061616997868383e-17, 0.5],
                [-0.35355339059327373, 0.3535533905932738],
                [-0.5, 6.123233995736766e-17],
                [-0.35355339059327384, -0.35355339059327373],
                [-9.184850993605148e-17, -0.5],
                [0.35355339059327373, -0.35355339059327384]
            ],
            "edges": [
                [0, 1],
                [1, 2],
                [2, 3],
                [3, 4],
                [4, 5],
                [5, 6],
                [6, 7],
                [7, 0]
            ],
            "oriented": true,
            "position": [-3, 0.0],
            "theta": 0.0,
            "velocity": [10.0, 0.0, 0.0],
            "is_dof_fixed": [false, false, false]
        }, {
            "vertices": [
                [0.5, 0.0],
                [0.3535533905932738, 0.35355339059327373],
                [3.061616997868383e-17, 0.5],
                [-0.35355339059327373, 0.3535533905932738],
                [-0.5, 6.123233995736766e-17],
                [-0.35355339059327384, -0.35355339059327373],
                [-9.184850993605148e-17, -0.5],
                [0.35355339059327373, -0.35355339059327384]
            ],
            "edges": [
                [0, 1],
                [1, 2],
                [2, 3],
                [3, 4],
                [4, 5],
                [5, 6],
                [6, 7],
                [7, 0]
            ],
            "oriented": true,
            "position": [0.0, 0.0],
            "theta": 22.5,
            "velocity": [0.0, 0.0, 0.0],
            "is_dof_fixed": [false, false, false]
        }, {
            "vertices": [
                [0.5, 0.0],
                [0.3535533905932738, 0.35355339059327373],
                [3.061616997868383e-17, 0.5],
                [-0.35355339059327373, 0.3535533905932738],
                [-0.5, 6.123233995736766e-17],
                [-0.35355339059327384, -0.35355339059327373],
                [-9.184850993605148e-17, -0.5],
                [0.35355339059327373, -0.35355339059327384]
            ],
            "edges": [
                [0, 1],
                [1, 2],
                [2, 3],
                [3, 4],
                [4, 5],
                [5, 6],
                [6, 7],
                [7, 0]
            ],
            "oriented": true,
            "position": [1.1, 0.0],
            "theta": 0.0,
            "velocity": [0.0, 0.0, 0.0],
            "is_dof_fixed": [false, false, false]
        }, {
            "vertices": [
                [0.5, 0.0],
                [0.3535533905932738, 0.35355339059327373],
                [3.061616997868383e-17, 0.5],
                [-0.35355339059327373, 0.3535533905932738],
                [-0.5, 6.123233995736766e-17],
                [-0.35355339059327384, -0.35355339059327373],
                [-9.184850993605148e-17, -0.5],
                [0.35355339059327373, -0.35355339059327384]
            ],
            "edges": [
                [0, 1],
                [1, 2],
                [2, 3],
                [3, 4],
                [4, 5],
                [5, 6],
                [6, 7],
                [7, 0]
            ],
            "oriented": true,
            "position": [2.2, 0.0],
            "theta": 22.5,
            "velocity": [0.0, 0.0, 0.0],
            "is_dof_fixed": [false, false, false]
        }, {
            "vertices": [
                [0.5, 0.0],
                [0.3535533905932738, 0.35355339059327373],
                [3.061616997868383e-17, 0.5],
                [-0.35355339059327373, 0.3535533905932738],
                [-0.5, 6.123233995736766e-17],
                [-0.35355339059327384, -0.35355339059327373],
                [-9.184850993605148e-17, -0.5],
                [0.35355339059327373, -0.35355339059327384]
            ],
            "edges": [
                [0, 1],
                [1, 2],
                [2, 3],
                [3, 4],
                [4, 5],
                [5, 6],
                [6, 7],
                [7, 0]
            ],
            "oriented": true,
            "position": [3.3000000000000003, 0.0],
            "theta": 0.0,
            "velocity": [0.0, 0.0, 0.0],
            "is_dof_fixed": [false, false, false]
        }]
    }
}