{"scene_type": "distance_barrier_rb_problem", "timestep_size": 0.01, "distance_barrier_constraint": {"custom_initial_epsilon": 0.1, "detection_method": "hash_grid", "use_distance_hashgrid": true, "active_constraint_scale": 1.01, "custom_hashgrid_cellsize": -1}, "barrier_solver": {"min_barrier_epsilon": 0.01}, "rigid_body_problem": {"gravity": [0, -9.81, 0], "coefficient_restitution": -1, "rigid_bodies": [{"vertices": [[1.0, 1.0], [2.0, 1.0], [2.0, 0.0], [0.0, 0.0], [0.0, 0.5], [0.0, 1.0], [0.0, 3.0], [0.0, 3.5], [0.0, 4.0], [2.5, 4.0], [2.5, 6.0], [1.5, 6.0], [1.5, 7.0], [4.5, 7.0], [4.5, 6.0], [3.5, 6.0], [3.5, 4.0], [6.0, 4.0], [6.0, 3.5], [6.0, 3.0], [6.0, 1.0], [6.0, 0.5], [6.0, 0.0], [4.0, 0.0], [4.0, 1.0], [5.0, 1.0], [5.0, 3.0], [1.0, 3.0]], "edges": [[0, 1], [1, 2], [2, 3], [3, 4], [4, 5], [5, 6], [6, 7], [7, 8], [8, 9], [9, 10], [10, 11], [11, 12], [12, 13], [13, 14], [14, 15], [15, 16], [16, 17], [17, 18], [18, 19], [19, 20], [20, 21], [21, 22], [22, 23], [23, 24], [24, 25], [25, 26], [26, 27], [27, 0]], "polygons": [[[1.5, 6.0], [4.5, 6.0], [4.5, 7.0], [1.5, 7.0], [1.5, 6.0]], [[2.5, 3.5], [3.5, 3.5], [3.5, 6.5], [2.5, 6.5], [2.5, 3.5]], [[0.0, 3.0], [6.0, 3.0], [6.0, 4.0], [0.0, 4.0], [0.0, 3.0]], [[0.0, 0.5], [1.0, 0.5], [1.0, 3.5], [0.0, 3.5], [0.0, 0.5]], [[0.0, 0.0], [2.0, 0.0], [2.0, 1.0], [0.0, 1.0], [0.0, 0.0]], [[5.0, 0.5], [6.0, 0.5], [6.0, 3.5], [5.0, 3.5], [5.0, 0.5]], [[4.0, 0.0], [6.0, 0.0], [6.0, 1.0], [4.0, 1.0], [4.0, 0.0]]], "position": [-42.42640687119285, -42.426406871192846], "theta": 135, "velocity": [0.0, 0.0, 0.0], "is_dof_fixed": [true, true, true]}, {"vertices": [[1.0, 1.0], [2.0, 1.0], [2.0, 0.0], [0.0, 0.0], [0.0, 0.5], [0.0, 1.0], [0.0, 3.0], [0.0, 3.5], [0.0, 4.0], [2.5, 4.0], [2.5, 6.0], [1.5, 6.0], [1.5, 7.0], [4.5, 7.0], [4.5, 6.0], [3.5, 6.0], [3.5, 4.0], [6.0, 4.0], [6.0, 3.5], [6.0, 3.0], [6.0, 1.0], [6.0, 0.5], [6.0, 0.0], [4.0, 0.0], [4.0, 1.0], [5.0, 1.0], [5.0, 3.0], [1.0, 3.0]], "edges": [[0, 1], [1, 2], [2, 3], [3, 4], [4, 5], [5, 6], [6, 7], [7, 8], [8, 9], [9, 10], [10, 11], [11, 12], [12, 13], [13, 14], [14, 15], [15, 16], [16, 17], [17, 18], [18, 19], [19, 20], [20, 21], [21, 22], [22, 23], [23, 24], [24, 25], [25, 26], [26, 27], [27, 0]], "polygons": [[[1.5, 6.0], [4.5, 6.0], [4.5, 7.0], [1.5, 7.0], [1.5, 6.0]], [[2.5, 3.5], [3.5, 3.5], [3.5, 6.5], [2.5, 6.5], [2.5, 3.5]], [[0.0, 3.0], [6.0, 3.0], [6.0, 4.0], [0.0, 4.0], [0.0, 3.0]], [[0.0, 0.5], [1.0, 0.5], [1.0, 3.5], [0.0, 3.5], [0.0, 0.5]], [[0.0, 0.0], [2.0, 0.0], [2.0, 1.0], [0.0, 1.0], [0.0, 0.0]], [[5.0, 0.5], [6.0, 0.5], [6.0, 3.5], [5.0, 3.5], [5.0, 0.5]], [[4.0, 0.0], [6.0, 0.0], [6.0, 1.0], [4.0, 1.0], [4.0, 0.0]]], "position": [-39.24442635585339, -39.244426355853385], "theta": 135, "velocity": [0.0, 0.0, 0.0], "is_dof_fixed": [false, false, false]}, {"vertices": [[1.0, 1.0], [2.0, 1.0], [2.0, 0.0], [0.0, 0.0], [0.0, 0.5], [0.0, 1.0], [0.0, 3.0], [0.0, 3.5], [0.0, 4.0], [2.5, 4.0], [2.5, 6.0], [1.5, 6.0], [1.5, 7.0], [4.5, 7.0], [4.5, 6.0], [3.5, 6.0], [3.5, 4.0], [6.0, 4.0], [6.0, 3.5], [6.0, 3.0], [6.0, 1.0], [6.0, 0.5], [6.0, 0.0], [4.0, 0.0], [4.0, 1.0], [5.0, 1.0], [5.0, 3.0], [1.0, 3.0]], "edges": [[0, 1], [1, 2], [2, 3], [3, 4], [4, 5], [5, 6], [6, 7], [7, 8], [8, 9], [9, 10], [10, 11], [11, 12], [12, 13], [13, 14], [14, 15], [15, 16], [16, 17], [17, 18], [18, 19], [19, 20], [20, 21], [21, 22], [22, 23], [23, 24], [24, 25], [25, 26], [26, 27], [27, 0]], "polygons": [[[1.5, 6.0], [4.5, 6.0], [4.5, 7.0], [1.5, 7.0], [1.5, 6.0]], [[2.5, 3.5], [3.5, 3.5], [3.5, 6.5], [2.5, 6.5], [2.5, 3.5]], [[0.0, 3.0], [6.0, 3.0], [6.0, 4.0], [0.0, 4.0], [0.0, 3.0]], [[0.0, 0.5], [1.0, 0.5], [1.0, 3.5], [0.0, 3.5], [0.0, 0.5]], [[0.0, 0.0], [2.0, 0.0], [2.0, 1.0], [0.0, 1.0], [0.0, 0.0]], [[5.0, 0.5], [6.0, 0.5], [6.0, 3.5], [5.0, 3.5], [5.0, 0.5]], [[4.0, 0.0], [6.0, 0.0], [6.0, 1.0], [4.0, 1.0], [4.0, 0.0]]], "position": [-36.062445840513924, -36.062445840513924], "theta": 135, "velocity": [0.0, 0.0, 0.0], "is_dof_fixed": [false, false, false]}, {"vertices": [[1.0, 1.0], [2.0, 1.0], [2.0, 0.0], [0.0, 0.0], [0.0, 0.5], [0.0, 1.0], [0.0, 3.0], [0.0, 3.5], [0.0, 4.0], [2.5, 4.0], [2.5, 6.0], [1.5, 6.0], [1.5, 7.0], [4.5, 7.0], [4.5, 6.0], [3.5, 6.0], [3.5, 4.0], [6.0, 4.0], [6.0, 3.5], [6.0, 3.0], [6.0, 1.0], [6.0, 0.5], [6.0, 0.0], [4.0, 0.0], [4.0, 1.0], [5.0, 1.0], [5.0, 3.0], [1.0, 3.0]], "edges": [[0, 1], [1, 2], [2, 3], [3, 4], [4, 5], [5, 6], [6, 7], [7, 8], [8, 9], [9, 10], [10, 11], [11, 12], [12, 13], [13, 14], [14, 15], [15, 16], [16, 17], [17, 18], [18, 19], [19, 20], [20, 21], [21, 22], [22, 23], [23, 24], [24, 25], [25, 26], [26, 27], [27, 0]], "polygons": [[[1.5, 6.0], [4.5, 6.0], [4.5, 7.0], [1.5, 7.0], [1.5, 6.0]], [[2.5, 3.5], [3.5, 3.5], [3.5, 6.5], [2.5, 6.5], [2.5, 3.5]], [[0.0, 3.0], [6.0, 3.0], [6.0, 4.0], [0.0, 4.0], [0.0, 3.0]], [[0.0, 0.5], [1.0, 0.5], [1.0, 3.5], [0.0, 3.5], [0.0, 0.5]], [[0.0, 0.0], [2.0, 0.0], [2.0, 1.0], [0.0, 1.0], [0.0, 0.0]], [[5.0, 0.5], [6.0, 0.5], [6.0, 3.5], [5.0, 3.5], [5.0, 0.5]], [[4.0, 0.0], [6.0, 0.0], [6.0, 1.0], [4.0, 1.0], [4.0, 0.0]]], "position": [-32.88046532517446, -32.880465325174455], "theta": 135, "velocity": [0.0, 0.0, 0.0], "is_dof_fixed": [false, false, false]}, {"vertices": [[1.0, 1.0], [2.0, 1.0], [2.0, 0.0], [0.0, 0.0], [0.0, 0.5], [0.0, 1.0], [0.0, 3.0], [0.0, 3.5], [0.0, 4.0], [2.5, 4.0], [2.5, 6.0], [1.5, 6.0], [1.5, 7.0], [4.5, 7.0], [4.5, 6.0], [3.5, 6.0], [3.5, 4.0], [6.0, 4.0], [6.0, 3.5], [6.0, 3.0], [6.0, 1.0], [6.0, 0.5], [6.0, 0.0], [4.0, 0.0], [4.0, 1.0], [5.0, 1.0], [5.0, 3.0], [1.0, 3.0]], "edges": [[0, 1], [1, 2], [2, 3], [3, 4], [4, 5], [5, 6], [6, 7], [7, 8], [8, 9], [9, 10], [10, 11], [11, 12], [12, 13], [13, 14], [14, 15], [15, 16], [16, 17], [17, 18], [18, 19], [19, 20], [20, 21], [21, 22], [22, 23], [23, 24], [24, 25], [25, 26], [26, 27], [27, 0]], "polygons": [[[1.5, 6.0], [4.5, 6.0], [4.5, 7.0], [1.5, 7.0], [1.5, 6.0]], [[2.5, 3.5], [3.5, 3.5], [3.5, 6.5], [2.5, 6.5], [2.5, 3.5]], [[0.0, 3.0], [6.0, 3.0], [6.0, 4.0], [0.0, 4.0], [0.0, 3.0]], [[0.0, 0.5], [1.0, 0.5], [1.0, 3.5], [0.0, 3.5], [0.0, 0.5]], [[0.0, 0.0], [2.0, 0.0], [2.0, 1.0], [0.0, 1.0], [0.0, 0.0]], [[5.0, 0.5], [6.0, 0.5], [6.0, 3.5], [5.0, 3.5], [5.0, 0.5]], [[4.0, 0.0], [6.0, 0.0], [6.0, 1.0], [4.0, 1.0], [4.0, 0.0]]], "position": [-29.698484809834998, -29.698484809834994], "theta": 135, "velocity": [0.0, 0.0, 0.0], "is_dof_fixed": [false, false, false]}, {"vertices": [[1.0, 1.0], [2.0, 1.0], [2.0, 0.0], [0.0, 0.0], [0.0, 0.5], [0.0, 1.0], [0.0, 3.0], [0.0, 3.5], [0.0, 4.0], [2.5, 4.0], [2.5, 6.0], [1.5, 6.0], [1.5, 7.0], [4.5, 7.0], [4.5, 6.0], [3.5, 6.0], [3.5, 4.0], [6.0, 4.0], [6.0, 3.5], [6.0, 3.0], [6.0, 1.0], [6.0, 0.5], [6.0, 0.0], [4.0, 0.0], [4.0, 1.0], [5.0, 1.0], [5.0, 3.0], [1.0, 3.0]], "edges": [[0, 1], [1, 2], [2, 3], [3, 4], [4, 5], [5, 6], [6, 7], [7, 8], [8, 9], [9, 10], [10, 11], [11, 12], [12, 13], [13, 14], [14, 15], [15, 16], [16, 17], [17, 18], [18, 19], [19, 20], [20, 21], [21, 22], [22, 23], [23, 24], [24, 25], [25, 26], [26, 27], [27, 0]], "polygons": [[[1.5, 6.0], [4.5, 6.0], [4.5, 7.0], [1.5, 7.0], [1.5, 6.0]], [[2.5, 3.5], [3.5, 3.5], [3.5, 6.5], [2.5, 6.5], [2.5, 3.5]], [[0.0, 3.0], [6.0, 3.0], [6.0, 4.0], [0.0, 4.0], [0.0, 3.0]], [[0.0, 0.5], [1.0, 0.5], [1.0, 3.5], [0.0, 3.5], [0.0, 0.5]], [[0.0, 0.0], [2.0, 0.0], [2.0, 1.0], [0.0, 1.0], [0.0, 0.0]], [[5.0, 0.5], [6.0, 0.5], [6.0, 3.5], [5.0, 3.5], [5.0, 0.5]], [[4.0, 0.0], [6.0, 0.0], [6.0, 1.0], [4.0, 1.0], [4.0, 0.0]]], "position": [-26.516504294495533, -26.51650429449553], "theta": 135, "velocity": [0.0, 0.0, 0.0],