{
    "displacements": [
        [
            0.0,
            0.0
        ],
        [
            0.0,
            0.0
        ],
        [
            0.0,
            0.0
        ],
        [
            0.7991123199462891,
            -0.07936999201774597
        ],
        [
            0.7991123199462891,
            -0.07936999201774597
        ]
    ],
    "edges": [
        [
            0,
            1
        ],
        [
            1,
            2
        ],
        [
            3,
            4
        ]
    ],
    "vertices": [
        [
            -0.75,
            -0.5
        ],
        [
            0.24324655532836914,
            -0.49976110458374023
        ],
        [
            1.25,
            -0.5
        ],
        [
            -0.600675106048584,
            -0.43135643005371094
        ],
        [
            0.399324893951416,
            -0.43135643005371094
        ]
    ]
}
