{"scene_type": "distance_barrier_rb_problem", "timestep_size": 0.001, "distance_barrier_constraint": {"custom_initial_epsilon": 0.01, "detection_method": "hash_grid", "use_distance_hashgrid": true, "active_constraint_scale": 1.01, "custom_hashgrid_cellsize": -1}, "barrier_solver": {"min_barrier_epsilon": 0.0001}, "rigid_body_problem": {"gravity": [0, 0, 0], "coefficient_restitution": 1, "rigid_bodies": [{"vertices": [[108.9, -54.45], [-108.9, -54.45], [-108.9, 54.45], [108.9, 54.45], [-99.0, -49.5], [99.0, -49.5], [99.0, 49.5], [-99.0, 49.5]], "polygons": [[[-108.9, -54.45], [108.9, -54.45], [99.0, -49.5], [-99.0, -49.5], [-108.9, -54.45]], [[108.9, -54.45], [108.9, 54.45], [99.0, 49.5], [99.0, -49.5], [108.9, -54.45]], [[108.9, 54.45], [-108.9, 54.45], [-99.0, 49.5], [99.0, 49.5], [108.9, 54.45]], [[-108.9, 54.45], [-108.9, -54.45], [-99.0, -49.5], [-99.0, 49.5], [-108.9, 54.45]]], "edges": [[0, 1], [1, 2], [2, 3], [3, 0], [4, 5], [5, 6], [6, 7], [7, 4]], "oriented": false, "velocity": [0.0, 0.0, 0.0], "is_dof_fixed": [true, true, true]}, {"vertices": [[2.85, 0.0], [2.0152543263816605, 2.0152543263816605], [1.7451216887849783e-16, 2.85], [-2.0152543263816605, 2.0152543263816605], [-2.85, 3.4902433775699566e-16], [-2.015254326381661, -2.0152543263816605], [-5.235365066354935e-16, -2.85], [2.0152543263816605, -2.015254326381661]], "polygons": [[[2.85, 0.0], [2.0152543263816605, 2.0152543263816605], [1.7451216887849783e-16, 2.85], [-2.0152543263816605, 2.0152543263816605], [-2.85, 3.4902433775699566e-16], [-2.015254326381661, -2.0152543263816605], [-5.235365066354935e-16, -2.85], [2.0152543263816605, -2.015254326381661]]], "edges": [[0, 1], [1, 2], [2, 3], [3, 4], [4, 5], [5, 6], [6, 7], [7, 0]], "oriented": true, "velocity": [0.0, 0.0, 0.0], "is_dof_fixed": [false, false, false], "position": [49.5, -0.0], "theta": 28.73408270660903}, {"vertices": [[2.85, 0.0], [2.0152543263816605, 2.0152543263816605], [1.7451216887849783e-16, 2.85], [-2.0152543263816605, 2.0152543263816605], [-2.85, 3.4902433775699566e-16], [-2.015254326381661, -2.0152543263816605], [-5.235365066354935e-16, -2.85], [2.0152543263816605, -2.015254326381661]], "polygons": [[[2.85, 0.0], [2.0152543263816605, 2.0152543263816605], [1.7451216887849783e-16, 2.85], [-2.0152543263816605, 2.0152543263816605], [-2.85, 3.4902433775699566e-16], [-2.015254326381661, -2.0152543263816605], [-5.235365066354935e-16, -2.85], [2.0152543263816605, -2.015254326381661]]], "edges": [[0, 1], [1, 2], [2, 3], [3, 4], [4, 5], [5, 6], [6, 7], [7, 0]], "oriented": true, "velocity": [0.0, 0.0, 0.0], "is_dof_fixed": [false, false, false], "position": [55.2, -3.2775], "theta": 37.23084227710146}, {"vertices": [[2.85, 0.0], [2.0152543263816605, 2.0152543263816605], [1.7451216887849783e-16, 2.85], [-2.0152543263816605, 2.0152543263816605], [-2.85, 3.4902433775699566e-16], [-2.015254326381661, -2.0152543263816605], [-5.235365066354935e-16, -2.85], [2.0152543263816605, -2.015254326381661]], "polygons": [[[2.85, 0.0], [2.0152543263816605, 2.0152543263816605], [1.7451216887849783e-16, 2.85], [-2.0152543263816605, 2.0152543263816605], [-2.85, 3.4902433775699566e-16], [-2.015254326381661, -2.0152543263816605], [-5.235365066354935e-16, -2.85], [2.0152543263816605, -2.015254326381661]]], "edges": [[0, 1], [1, 2], [2, 3], [3, 4], [4, 5], [5, 6], [6, 7], [7, 0]], "oriented": true, "velocity": [0.0, 0.0, 0.0], "is_dof_fixed": [false, false, false], "position": [55.2, 3.2775], "theta": 1.615397368836884}, {"vertices": [[2.85, 0.0], [2.0152543263816605, 2.0152543263816605], [1.7451216887849783e-16, 2.85], [-2.0152543263816605, 2.0152543263816605], [-2.85, 3.4902433775699566e-16], [-2.015254326381661, -2.0152543263816605], [-5.235365066354935e-16, -2.85], [2.0152543263816605, -2.015254326381661]], "polygons": [[[2.85, 0.0], [2.0152543263816605, 2.0152543263816605], [1.7451216887849783e-16, 2.85], [-2.0152543263816605, 2.0152543263816605], [-2.85, 3.4902433775699566e-16], [-2.015254326381661, -2.0152543263816605], [-5.235365066354935e-16, -2.85], [2.0152543263816605, -2.015254326381661]]], "edges": [[0, 1], [1, 2], [2, 3], [3, 4], [4, 5], [5, 6], [6, 7], [7, 0]], "oriented": true, "velocity": [0.0, 0.0, 0.0], "is_dof_fixed": [false, false, false], "position": [60.900000000000006, -6.555], "theta": 32.57730711195884}, {"vertices": [[2.85, 0.0], [2.0152543263816605, 2.0152543263816605], [1.7451216887849783e-16, 2.85], [-2.0152543263816605, 2.0152543263816605], [-2.85, 3.4902433775699566e-16], [-2.015254326381661, -2.0152543263816605], [-5.235365066354935e-16, -2.85], [2.0152543263816605, -2.015254326381661]], "polygons": [[[2.85, 0.0], [2.0152543263816605, 2.0152543263816605], [1.7451216887849783e-16, 2.85], [-2.0152543263816605, 2.0152543263816605], [-2.85, 3.4902433775699566e-16], [-2.015254326381661, -2.0152543263816605], [-5.235365066354935e-16, -2.85], [2.0152543263816605, -2.015254326381661]]], "edges": [[0, 1], [1, 2], [2, 3], [3, 4], [4, 5], [5, 6], [6, 7], [7, 0]], "oriented": true, "velocity": [0.0, 0.0, 0.0], "is_dof_fixed": [false, false, false], "position": [60.900000000000006, 0.0], "theta": 2.9142842893984127}, {"vertices": [[2.85, 0.0], [2.0152543263816605, 2.0152543263816605], [1.7451216887849783e-16, 2.85], [-2.0152543263816605, 2.0152543263816605], [-2.85, 3.4902433775699566e-16], [-2.015254326381661, -2.0152543263816605], [-5.235365066354935e-16, -2.85], [2.0152543263816605, -2.015254326381661]], "polygons": [[[2.85, 0.0], [2.0152543263816605, 2.0152543263816605], [1.7451216887849783e-16, 2.85], [-2.0152543263816605, 2.0152543263816605], [-2.85, 3.4902433775699566e-16], [-2.015254326381661, -2.0152543263816605], [-5.235365066354935e-16, -2.85], [2.0152543263816605, -2.015254326381661]]], "edges": [[0, 1], [1, 2], [2, 3], [3, 4], [4, 5], [5, 6], [6, 7], [7, 0]], "oriented": true, "velocity": [0.0, 0.0, 0.0], "is_dof_fixed": [false, false, false], "position": [60.900000000000006, 6.555], "theta": 26.25620840065365}, {"vertices": [[2.85, 0.0], [2.0152543263816605, 2.0152543263816605], [1.7451216887849783e-16, 2.85], [-2.0152543263816605, 2.0152543263816605], [-2.85, 3.4902433775699566e-16], [-2.015254326381661, -2.0152543263816605], [-5.235365066354935e-16, -2.85], [2.0152543263816605, -2.015254326381661]], "polygons": [[[2.85, 0.0], [2.0152543263816605, 2.0152543263816605], [1.7451216887849783e-16, 2.85], [-2.0152543263816605, 2.0152543263816605], [-2.85, 3.4902433775699566e-16], [-2.015254326381661, -2.0152543263816605], [-5.235365066354935e-16, -2.85], [2.0152543263816605, -2.015254326381661]]], "edges": [[0, 1], [1, 2], [2, 3], [3, 4], [4, 5], [5, 6], [6, 7], [7, 0]], "oriented": true, "velocity": [0.0, 0.0, 0.0], "is_dof_fixed": [false, false, false], "position": [66.60000000000001, -9.8325], "theta": 33.03346728650273}, {"vertices": [[2.85, 0.0], [2.0152543263816605, 2.0152543263816605], [1.7451216887849783e-16, 2.85], [-2.0152543263816605, 2.0152543263816605], [-2.85, 3.4902433775699566e-16], [-2.015254326381661, -2.0152543263816605], [-5.235365066354935e-16, -2.85], [2.0152543263816605, -2.015254326381661]], "polygons": [[[2.85, 0.0], [2.0152543263816605, 2.0152543263816605], [1.7451216887849783e-16, 2.85], [-2.0152543263816605, 2.0152543263816605], [-2.85, 3.4902433775699566e-16], [-2.015254326381661, -2.0152543263816605], [-5.235365066354935e-16, -2.85], [2.0152543263816605, -2.015254326381661]]], "edges": [[0, 1], [1, 2], [2, 3], [3, 4], [4, 5], [5, 6], [6, 7], [7, 0]], "oriented": true, "velocity": [0.0, 0.0, 0.0], "is_dof_fixed": [false, false, false], "position": [66.60000000000001, -3.2775], "theta": 9.362696467614148}, {"vertices": [[2.85, 0.0], [2.0152543263816605, 2.0152543263816605], [1.7451216887849783e-16, 2.85], [-2.0152543263816605, 2.0152543263816605], [-2.85, 3.4902433775699566e-16], [-2.015254326381661, -2.0152543263816605], [-5.235365066354935e-16, -2.85], [2.0152543263816605, -2.015254326381661]],