{
    "displacements": [
        [
            0.0,
            0.0
        ],
        [
            0.0,
            0.0
        ],
        [
            0.0,
            0.0
        ],
        [
            0.0,
            0.0
        ],
        [
            0.0,
            -2.0
        ],
        [
            0.0,
            -2.0
        ],
        [
            -0.1605081558227539,
            -2.4956362694501877
        ],
        [
            -0.1605081558227539,
            -2.4956362694501877
        ],
        [
            0.3003048896789551,
            -4.487414935231209
        ],
        [
            0.20710647106170654,
            -2.505991905927658
        ],
        [
            -0.02071082592010498,
            -1.807006299495697
        ],
        [
            -0.02071082592010498,
            -1.807006299495697
        ],
        [
            -0.1605081558227539,
            -2.4956362694501877
        ],
        [
            -0.1605081558227539,
            -2.4956362694501877
        ],
        [
            0.3003048896789551,
            -4.487414935231209
        ],
        [
            0.20710647106170654,
            -2.505991905927658
        ],
        [
            -0.1605081558227539,
            -2.4956362694501877
        ],
        [
            -0.1605081558227539,
            -2.4956362694501877
        ],
        [
            -0.12426406145095825,
            -1.190863847732544
        ],
        [
            -0.12426406145095825,
            -1.190863847732544
        ],
        [
            0.051776766777038574,
            -1.3617270579561591
        ],
        [
            0.051776766777038574,
            -1.3617270579561591
        ],
        [
            0.051776766777038574,
            -1.3617270579561591
        ],
        [
            -0.12426406145095825,
            -1.190863847732544
        ],
        [
            -0.12426406145095825,
            -1.190863847732544
        ],
        [
            0.051776766777038574,
            -1.3617270579561591
        ],
        [
            -0.12426406145095825,
            -1.190863847732544
        ],
        [
            -0.12426406145095825,
            -1.190863847732544
        ]
    ],
    "edges": [
        [
            0,
            1
        ],
        [
            1,
            2
        ],
        [
            2,
            3
        ],
        [
            3,
            0
        ],
        [
            4,
            5
        ],
        [
            19,
            23
        ],
        [
            18,
            26
        ],
        [
            17,
            16
        ],
        [
            24,
            27
        ],
        [
            20,
            25
        ],
        [
            22,
            21
        ],
        [
            9,
            15
        ],
        [
            14,
            8
        ],
        [
            11,
            10
        ],
        [
            12,
            13
        ],
        [
            6,
            7
        ]
    ],
    "vertices": [
        [
            1.0,
            1.0
        ],
        [
            -1.0,
            1.0
        ],
        [
            -1.0,
            -1.0
        ],
        [
            1.0,
            -1.0
        ],
        [
            0.5,
            0.0
        ],
        [
            -0.5,
            0.0
        ],
        [
            -0.6213203072547913,
            0.41421353816986084
        ],
        [
            -0.2226400375366211,
            0.4763459227979183
        ],
        [
            0.476345419883728,
            0.47634564340114594
        ],
        [
            0.6782746315002441,
            0.29512718319892883
        ],
        [
            0.21746188402175903,
            0.6730972230434418
        ],
        [
            0.07248759269714355,
            0.5591881275177002
        ],
        [
            -0.10873079299926758,
            0.7404064387083054
        ],
        [
            -0.6316757202148438,
            0.8543155714869499
        ],
        [
            0.2744165062904358,
            0.8439602702856064
        ],
        [
            0.4867011308670044,
            0.8336047828197479
        ],
        [
            -0.15015244483947754,
            0.1915736636146903
        ],
        [
            -0.5798989534378052,
            0.19675135612487793
        ],
        [
            -0.7766503095626831,
            -0.051776766777038574
        ],
        [
            -0.6938078999519348,
            -0.2744165062904358
        ],
        [
            0.6730970740318298,
            -0.29512718319892883
        ],
        [
            0.812893807888031,
            -0.5229445174336433
        ],
        [
            0.12426435947418213,
            -0.5074116587638855
        ],
        [
            -0.34690380096435547,
            -0.5333000421524048
        ],
        [
            -0.02071082592010498,
            -0.2640610933303833
        ],
        [
            0.2795940637588501,
            -0.24335032794624567
        ],
        [
            -0.36243677139282227,
            -0.22263973951339722
        ],
        [
            0.07248759269714355,
            -0.07248757034540088
        ]
    ]
}
