{
    "vertices":[[0.70710678, 0.70710678], [0, 0], [-0.70710678, 0.70710678], [0, 0.70710678], [0, 1.70710678]],
    "edges":[[0, 1], [1, 2], [3, 4]],
    "displacements":[[0, 0], [0, 0], [0, 0], [0, -2.41421356], [0, -2.41421356]]
}
