{
    "displacements": [
        [
            1.6730970740318298,
            0.8025388419628143
        ],
        [
            -1.616142749786377,
            -0.6420311331748962
        ],
        [
            0.0,
            -1.0
        ]
    ],
    "edges": [
        [
            0,
            1
        ]
    ],
    "vertices": [
        [
            -1.0,
            0.0
        ],
        [
            1.0,
            0.0
        ],
        [
            0.0,
            0.5
        ]
    ]
}
