{"scene_type": "distance_barrier_rb_problem", "timestep_size": 0.01, "distance_barrier_constraint": {"custom_initial_epsilon": 0.01, "detection_method": "hash_grid", "use_distance_hashgrid": true, "active_constraint_scale": 1.01, "custom_hashgrid_cellsize": -1}, "barrier_solver": {"min_barrier_epsilon": 0.0001}, "rigid_body_problem": {"gravity": [0, -9.81, 0], "coefficient_restitution": -1, "rigid_bodies": [{"vertices": [[-4.0, 0.5], [4.0, 0.5], [4.0, 10.5], [11.071067811865476, 17.571067811865476], [11.778174593052023, 16.863961030678926], [5.0, 10.085786437626904], [5.0, 0.5], [5.0, -0.5], [-5.0, -0.5], [-5.0, 0.5], [-5.0, 10.085786437626904], [-11.778174593052023, 16.863961030678926], [-11.071067811865476, 17.571067811865476], [-4.0, 10.5]], "polygons": [[[5.0, 0.5], [-5.0, 0.5], [-5.0, -0.5], [5.0, -0.5]], [[5.0, 10.5], [4.0, 10.5], [4.0, 0.5], [5.0, 0.5]], [[-4.0, 10.5], [-5.0, 10.5], [-5.0, 0.5], [-4.0, 0.5]], [[11.071067811865476, 17.571067811865476], [4.0, 10.5], [4.707106781186548, 9.792893218813452], [11.778174593052023, 16.863961030678926]], [[-4.0, 10.5], [-11.071067811865476, 17.571067811865476], [-11.778174593052023, 16.863961030678926], [-4.707106781186548, 9.792893218813452]]], "edges": [[0, 1], [1, 2], [2, 3], [3, 4], [4, 5], [5, 6], [6, 7], [7, 8], [8, 9], [9, 10], [10, 11], [11, 12], [12, 13], [13, 0]], "oriented": false, "is_dof_fixed": [true, true, true]}, {"vertices": [[0.5, 0.0], [3.061616997868383e-17, 0.5], [-0.5, 6.123233995736766e-17], [-9.184850993605148e-17, -0.5]], "polygons": [[[0.5, 0.0], [3.061616997868383e-17, 0.5], [-0.5, 6.123233995736766e-17], [-9.184850993605148e-17, -0.5]]], "edges": [[0, 1], [1, 2], [2, 3], [3, 0]], "oriented": true, "position": [-3.015330075067969, 26.82007416875098], "theta": 36.659973830646194, "velocity": [0.0, 0.0, 0.0], "is_dof_fixed": [false, false, false]}, {"vertices": [[0.5, 0.0], [3.061616997868383e-17, 0.5], [-0.5, 6.123233995736766e-17], [-9.184850993605148e-17, -0.5]], "polygons": [[[0.5, 0.0], [3.061616997868383e-17, 0.5], [-0.5, 6.123233995736766e-17], [-9.184850993605148e-17, -0.5]]], "edges": [[0, 1], [1, 2], [2, 3], [3, 0]], "oriented": true, "position": [0.7991824910622416, 5.516910266372839], "theta": 29.266926682645934, "velocity": [0.0, 0.0, 0.0], "is_dof_fixed": [false, false, false]}, {"vertices": [[0.5, 0.0], [3.061616997868383e-17, 0.5], [-0.5, 6.123233995736766e-17], [-9.184850993605148e-17, -0.5]], "polygons": [[[0.5, 0.0], [3.061616997868383e-17, 0.5], [-0.5, 6.123233995736766e-17], [-9.184850993605148e-17, -0.5]]], "edges": [[0, 1], [1, 2], [2, 3], [3, 0]], "oriented": true, "position": [1.3102872082869146, 8.6331198476817], "theta": 6.0661008842904875, "velocity": [0.0, 0.0, 0.0], "is_dof_fixed": [false, false, false]}, {"vertices": [[0.5, 0.0], [3.061616997868383e-17, 0.5], [-0.5, 6.123233995736766e-17], [-9.184850993605148e-17, -0.5]], "polygons": [[[0.5, 0.0], [3.061616997868383e-17, 0.5], [-0.5, 6.123233995736766e-17], [-9.184850993605148e-17, -0.5]]], "edges": [[0, 1], [1, 2], [2, 3], [3, 0]], "oriented": true, "position": [-0.7947986681058743, 29.269301585978468], "theta": 31.347270357398898, "velocity": [0.0, 0.0, 0.0], "is_dof_fixed": [false, false, false]}, {"vertices": [[0.5, 0.0], [3.061616997868383e-17, 0.5], [-0.5, 6.123233995736766e-17], [-9.184850993605148e-17, -0.5]], "polygons": [[[0.5, 0.0], [3.061616997868383e-17, 0.5], [-0.5, 6.123233995736766e-17], [-9.184850993605148e-17, -0.5]]], "edges": [[0, 1], [1, 2], [2, 3], [3, 0]], "oriented": true, "position": [1.5326890293837874, 13.615447499333223], "theta": 30.59835304984022, "velocity": [0.0, 0.0, 0.0], "is_dof_fixed": [false, false, false]}, {"vertices": [[0.5, 0.0], [3.061616997868383e-17, 0.5], [-0.5, 6.123233995736766e-17], [-9.184850993605148e-17, -0.5]], "polygons": [[[0.5, 0.0], [3.061616997868383e-17, 0.5], [-0.5, 6.123233995736766e-17], [-9.184850993605148e-17, -0.5]]], "edges": [[0, 1], [1, 2], [2, 3], [3, 0]], "oriented": true, "position": [-1.6776183990564584, 3.141689182599305], "theta": 24.99861939927831, "velocity": [0.0, 0.0, 0.0], "is_dof_fixed": [false, false, false]}, {"vertices": [[0.5, 0.0], [3.061616997868383e-17, 0.5], [-0.5, 6.123233995736766e-17], [-9.184850993605148e-17, -0.5]], "polygons": [[[0.5, 0.0], [3.061616997868383e-17, 0.5], [-0.5, 6.123233995736766e-17], [-9.184850993605148e-17, -0.5]]], "edges": [[0, 1], [1, 2], [2, 3], [3, 0]], "oriented": true, "position": [1.839072737114706, 26.06055226920439], "theta": 33.06563417514479, "velocity": [0.0, 0.0, 0.0], "is_dof_fixed": [false, false, false]}, {"vertices": [[0.5, 0.0], [3.061616997868383e-17, 0.5], [-0.5, 6.123233995736766e-17], [-9.184850993605148e-17, -0.5]], "polygons": [[[0.5, 0.0], [3.061616997868383e-17, 0.5], [-0.5, 6.123233995736766e-17], [-9.184850993605148e-17, -0.5]]], "edges": [[0, 1], [1, 2], [2, 3], [3, 0]], "oriented": true, "position": [-2.888640895416776, 8.539953415340287], "theta": 44.64846158839429, "velocity": [0.0, 0.0, 0.0], "is_dof_fixed": [false, false, false]}, {"vertices": [[0.5, 0.0], [3.061616997868383e-17, 0.5], [-0.5, 6.123233995736766e-17], [-9.184850993605148e-17, -0.5]], "polygons": [[[0.5, 0.0], [3.061616997868383e-17, 0.5], [-0.5, 6.123233995736766e-17], [-9.184850993605148e-17, -0.5]]], "edges": [[0, 1], [1, 2], [2, 3], [3, 0]], "oriented": true, "position": [0.26518470337373445, 8.073229179038691], "theta": 16.527450310208494, "velocity": [0.0, 0.0, 0.0], "is_dof_fixed": [false, false, false]}, {"vertices": [[0.5, 0.0], [3.061616997868383e-17, 0.5], [-0.5, 6.123233995736766e-17], [-9.184850993605148e-17, -0.5]], "polygons": [[[0.5, 0.0], [3.061616997868383e-17, 0.5], [-0.5, 6.123233995736766e-17], [-9.184850993605148e-17, -0.5]]], "edges": [[0, 1], [1, 2], [2, 3], [3, 0]], "oriented": true, "position": [2.9909673429390455, 16.524059818426586], "theta": 33.286173813649135, "velocity": [0.0, 0.0, 0.0], "is_dof_fixed": [false, false, false]}, {"vertices": [[0.5, 0.0], [3.061616997868383e-17, 0.5], [-0.5, 6.123233995736766e-17], [-9.184850993605148e-17, -0.5]], "polygons": [[[0.5, 0.0], [3.061616997868383e-17, 0.5], [-0.5, 6.123233995736766e-17], [-9.184850993605148e-17, -0.5]]], "edges": [[0, 1], [1, 2], [2, 3], [3, 0]], "oriented": true, "position": [-2.2801416550834874, 30.48878113188146], "theta": 43.87231575151623, "velocity": [0.0, 0.0, 0.0], "is_dof_fixed": [false, false, false]}, {"vertices": [[0.5, 0.0], [3.061616997868383e-17, 0.5], [-0.5, 6.123233995736766e-17], [-9.184850993605148e-17, -0.5]], "polygons": [[[0.5, 0.0], [3.061616997868383e-17, 0.5], [-0.5, 6.123233995736766e-17], [-9.184850993605148e-17, -0.5]]], "edges": [[0, 1], [1, 2], [2, 3], [3, 0]], "oriented": true, "position": [0.009449630971451128, 10.739277306478801], "theta": 18.880307529003304, "velocity": [0.0, 0.0, 0.0], "is_dof_fixed": [false, false, false]}, {"vertices": [[0.5, 0.0], [3.061616997868383e-17, 0.5], [-0.5, 6.123233995736766e-17], [-9.184850993605148e-17, -0.5]], "polygons": [[[0.5, 0.0], [3.061616997868383e-17, 0.5], [-0.5, 6.123233995736766e-17], [-9.184850993605148e-17, -0.5]]], "edges": [[0, 1], [1, 2], [2, 3], [3, 0]], "oriented": true, "position": [-2.8068241162387304, 2.5508671150705173], "theta": 23.312078630983308, "velocity": [0.0, 0.0, 0.0], "is_dof_fixed": [false, false, false]}, {"vertices": [[0.5, 0.0], [3.061616997868383e-17, 0.5], [-0.5, 6.123233995736766e-17], [-9.184850993605148e-17, -0.5]], "polygons": [[[0.5, 0.0], [3.061616997868383e-17, 0.5], [-0.5, 6.123233995736766e-17], [-9.184850993605148e-17, -0.5]]], "edges": [[0, 1], [1, 2], [2, 3], [3, 0]], "oriented": true, "position": [-3.390466713205741, 23.183002482940978], "theta": 2.553587923651746, "velocity": [0.0, 0.0, 0.0], "is_dof_fixed": [false, false, false]}, {"vertices": [[0.5, 0.0], [3.061616997868383e-17, 0.5], [-0.5, 6.123233995736766e-17], [-9.184850993605148e-17, -0.5]], "polygons": [[[0.5, 0.0], [3.061616997868383e-17, 0.5], [-0.5, 6.123233995736766e-17], [-9.184850993605148e-17, -0.5]]],