{
    "displacements": [
        [
            0.0,
            0.5
        ],
        [
            0.0,
            0.5
        ],
        [
            0.0,
            -1.0
        ],
        [
            0.0,
            1.7241638898849487
        ],
        [
            0.02071082592010498,
            2.1746209263801575
        ],
        [
            0.002588629722595215,
            0.35725943744182587
        ]
    ],
    "edges": [
        [
            0,
            1
        ],
        [
            3,
            4
        ],
        [
            5,
            2
        ]
    ],
    "vertices": [
        [
            -1.0,
            0.0
        ],
        [
            1.0,
            0.0
        ],
        [
            0.0,
            0.5
        ],
        [
            -0.4504573345184326,
            -0.9475135803222656
        ],
        [
            0.39350271224975586,
            -0.9268027544021606
        ],
        [
            -0.2951270341873169,
            0.7895945012569427
        ]
    ]
}
