{
    "vertices": [
        [
            0.0,
            0.0
        ],
        [
            88.89999999999999,
            0.0
        ],
        [
            177.79999999999998,
            0.0
        ],
        [
            68.9500317486834,
            1.0362041968251887
        ],
        [
            108.84996529122552,
            1.036223792325357
        ],
        [
            68.95007347508383,
            6.937981623913903
        ],
        [
            108.84991997226496,
            6.9379897198111635
        ],
        [
            83.85,
            0.05
        ],
        [
            63.94999999999999,
            0.05
        ],
        [
            83.85362130577944,
            0.2754600318885486
        ],
        [
            63.94650231175368,
            0.23511431771065183
        ],
        [
            83.84730773293931,
            0.5596832959264572
        ],
        [
            93.94999999999999,
            0.05
        ],
        [
            113.85,
            0.05
        ],
        [
            93.94637095531579,
            0.2750675408381056
        ],
        [
            113.85350982370505,
            0.2353073485412187
        ],
        [
            93.95269220623322,
            0.5595687072324718
        ]
    ],
    "edges": [
        [
            0,
            1
        ],
        [
            1,
            2
        ],
        [
            3,
            4
        ],
        [
            4,
            6
        ],
        [
            6,
            5
        ],
        [
            5,
            3
        ],
        [
            7,
            8
        ],
        [
            8,
            9
        ],
        [
            9,
            10
        ],
        [
            10,
            11
        ],
        [
            12,
            13
        ],
        [
            13,
            14
        ],
        [
            14,
            15
        ],
        [
            15,
            16
        ]
    ],
    "displacements": [
        [
            0.0,
            0.0
        ],
        [
            0.0,
            0.0
        ],
        [
            0.0,
            0.0
        ],
        [
            -9.692656346267647e-06,
            -0.6609552279352817
        ],
        [
            8.686474787519133e-06,
            -0.6609351076048915
        ],
        [
            -5.49288853323596e-05,
            -0.6620927991707037
        ],
        [
            4.627089516446442e-05,
            -0.6620644216340251
        ],
        [
            0.0,
            0.0
        ],
        [
            0.0,
            0.0
        ],
        [
            -0.00033690448783866515,
            -0.514595335913063
        ],
        [
            0.006274351659066178,
            -0.8727930619450005
        ],
        [
            0.003940315577538667,
            -0.9800745506707917
        ],
        [
            0.0,
            0.0
        ],
        [
            0.0,
            0.0
        ],
        [
            0.000348369389581832,
            -0.5147755637025594
        ],
        [
            -0.006271555334793991,
            -0.8732590790900984
        ],
        [
            -0.003920273592854604,
            -0.9800252890721846
        ]
    ]
}