{
    "displacements": [
        [
            0.04659980535507202,
            -0.5316756159067083
        ],
        [
            0.0,
            -0.1
        ],
        [
            0.0,
            -0.1
        ],
        [
            0.0,
            -0.1
        ],
        [
            0.0,
            -0.1
        ],
        [
            0.0,
            -0.1
        ],
        [
            0.0,
            -0.1
        ],
        [
            0.0,
            -0.1
        ],
        [
            0.0,
            -0.1
        ],
        [
            0.0,
            -0.1
        ],
        [
            0.0,
            -0.1
        ],
        [
            0.0,
            -0.1
        ],
        [
            0.0,
            -0.1
        ],
        [
            0.020711123943328857,
            -0.4970560222864151
        ],
        [
            0.020711123943328857,
            -0.4970560222864151
        ],
        [
            0.020711123943328857,
            -0.4970560222864151
        ],
        [
            0.020711123943328857,
            -0.4970560222864151
        ],
        [
            0.020711123943328857,
            -0.4970560222864151
        ],
        [
            0.020711123943328857,
            -0.4970560222864151
        ],
        [
            0.020711123943328857,
            -0.4970560222864151
        ],
        [
            0.020711123943328857,
            -0.4970560222864151
        ],
        [
            0.020711123943328857,
            -0.4970560222864151
        ],
        [
            0.020711123943328857,
            -0.4970560222864151
        ],
        [
            0.020711123943328857,
            -0.4970560222864151
        ],
        [
            0.020711123943328857,
            -0.4970560222864151
        ],
        [
            0.020711123943328857,
            -0.4970560222864151
        ],
        [
            0.020711123943328857,
            -0.4970560222864151
        ]
    ],
    "edges": [
        [
            1,
            2
        ],
        [
            2,
            3
        ],
        [
            3,
            4
        ],
        [
            4,
            5
        ],
        [
            5,
            6
        ],
        [
            6,
            7
        ],
        [
            7,
            8
        ],
        [
            8,
            9
        ],
        [
            9,
            10
        ],
        [
            10,
            11
        ],
        [
            11,
            12
        ],
        [
            12,
            1
        ],
        [
            0,
            13
        ],
        [
            13,
            14
        ],
        [
            14,
            15
        ],
        [
            15,
            16
        ],
        [
            16,
            17
        ],
        [
            17,
            18
        ],
        [
            18,
            19
        ],
        [
            19,
            20
        ],
        [
            20,
            21
        ],
        [
            21,
            22
        ],
        [
            22,
            23
        ],
        [
            23,
            24
        ],
        [
            24,
            25
        ],
        [
            25,
            26
        ],
        [
            26,
            0
        ]
    ],
    "vertices": [
        [
            -0.2951270341873169,
            0.38314727135002613
        ],
        [
            -0.6523865461349487,
            -0.07766515016555786
        ],
        [
            -0.2537059783935547,
            0.09319782257080078
        ],
        [
            0.13979703187942505,
            0.12944161891937256
        ],
        [
            0.46599000692367554,
            0.05695423111319542
        ],
        [
            0.7248735427856445,
            -0.09837588295340538
        ],
        [
            0.7507619261741638,
            -0.27441668324172497
        ],
        [
            0.6057870388031006,
            -0.4608127474784851
        ],
        [
            0.22781729698181152,
            -0.5695438385009766
        ],
        [
            -0.20710676908493042,
            -0.5695438385009766
        ],
        [
            -0.4711681604385376,
            -0.5436554551124573
        ],
        [
            -0.7093408703804016,
            -0.4142138361930847
        ],
        [
            -0.7300513982772827,
            -0.2485281229019165
        ],
        [
            -0.08284270763397217,
            0.4193909652531147
        ],
        [
            0.22781729698181152,
            0.4711677134037018
        ],
        [
            0.41421353816986084,
            0.5022338777780533
        ],
        [
            0.6057873368263245,
            0.49705617129802704
        ],
        [
            0.652385950088501,
            0.6420308351516724
        ],
        [
            0.574721097946167,
            0.8128939568996429
        ],
        [
            0.35725921392440796,
            0.8957365900278091
        ],
        [
            0.04659891128540039,
            0.8853814005851746
        ],
        [
            -0.2329951524734497,
            0.8491374179720879
        ],
        [
            -0.538477897644043,
            0.7714727148413658
        ],
        [
            -0.6989854574203491,
            0.6782746315002441
        ],
        [
            -0.7404068112373352,
            0.5022335052490234
        ],
        [
            -0.657564103603363,
            0.39350271224975586
        ],
        [
            -0.476345419883728,
            0.36761462688446045
        ]
    ]
}
