{
    "displacements": [
        [
            0.0,
            0.5,
            0.0
        ],
        [
            0.0,
            0.5,
            0.0
        ],
        [
            0.0,
            -1.0,
            0.0
        ],
        [
            0.0,
            -1.2271074950695038,
            0.0
        ]
    ],
    "edges": [
        [
            0,
            1
        ],
        [
            2,
            3
        ]
    ],
    "vertices": [
        [
            -1.0,
            0.0,
            0.0
        ],
        [
            1.0,
            0.0,
            0.0
        ],
        [
            -0.7248735427856445,
            0.12426376342773438,
            0.0
        ],
        [
            0.5540105700492859,
            0.8491376042366028,
            0.0
        ]
    ]
}
