{
    "data": {
        "constraints": [
            -0.0,
            -0.0,
            -0.0,
            -0.0,
            -0.0,
            -0.0,
            -0.0,
            -0.0,
            -0.0,
            -0.0,
            -0.0,
            -0.0,
            -0.0,
            -0.0,
            -0.0,
            -0.0,
            -0.0,
            -0.0,
            -0.0,
            -0.0,
            -0.0,
            -0.0,
            -0.0,
            -0.0,
            -0.0,
            -0.0,
            -0.0,
            -0.0,
            -0.0,
            -0.0,
            -0.0,
            -0.0,
            -0.0,
            -0.0,
            -0.0,
            -0.0,
            -0.0,
            -0.0,
            -0.0,
            -0.0,
            -0.0,
            -0.0,
            -0.0,
            -0.0,
            -0.0,
            -0.0,
            -0.0,
            -0.0,
            -0.0,
            -0.0
        ],
        "objectives": [
            0.017232802870588156,
            0.017232802870576262,
            0.017232802870564355,
            0.01723280287055246,
            0.017232802870540555,
            0.017232802870528655,
            0.017232802870516754,
            0.01723280287050486,
            0.01723280287049296,
            0.017232802870481057,
            0.017232802870469157,
            0.017232802870457285,
            0.01723280287044559,
            0.017232802870328606,
            0.01723280286864412,
            0.01723280284438751,
            0.01723280249509231,
            0.017232797465241843,
            0.017232790109919793,
            0.017232779501807727,
            0.017232764223763457,
            0.017232742223059556,
            0.01723271054204164,
            0.017232678861108727,
            0.017232633240616684,
            0.0172325876202872,
            0.017232542000098966,
            0.01723247630713428,
            0.017232410614506734,
            0.017232344922171402,
            0.017232250325429882,
            0.01723215572938666,
            0.017232061133948078,
            0.017231924916978305,
            0.017231788701453678,
            0.017231652487187575,
            0.017231456339599716,
            0.01723126019501061,
            0.017231064053028575,
            0.0172307816105554,
            0.01723049917430005,
            0.01723021674345205,
            0.01722981004713644,
            0.017229403363715215,
            0.017228996691506314,
            0.017228411092034678,
            0.01722782551930182,
            0.017227239969815462,
            0.017226396796194393,
            0.017225553678015502
        ],
        "x": [
            0,
            1,
            2,
            3,
            4,
            5,
            6,
            7,
            8,
            9,
            10,
            11,
            12,
            13,
            14,
            15,
            16,
            17,
            18,
            19,
            20,
            21,
            22,
            23,
            24,
            25,
            26,
            27,
            28,
            29,
            30,
            31,
            32,
            33,
            34,
            35,
            36,
            37,
            38,
            39,
            40,
            41,
            42,
            43,
            44,
            45,
            46,
            47,
            48,
            49
        ]
    }
}
